chi,elevation
0,221
0.0124791154315562,221
0.0124791154315562,221.945370580881
0.0412970987803615,221.827400898227
0.0557060904547641,221.73994007362
0.0557060904547641,221.781790861002
0.0845243956204369,221.623521277193
0.0989335482032733,221.26906911768
0.0989335482032733,221.23543547797
0.12775205004051,221.20180183826
0.142161300959129,220.849850183539
0.156570766436051,220.479880146831
0.170980231912973,220.109910110124
0.185389697389895,220.06726727942
0.199799243328835,220.03363363971
0.214208789267775,220
0.214208789267775,220
0.228618576601455,220
0.243028372875931,220
0.257438169150408,220
0.271847965424884,220
0.286257770640175,220
0.300667584796297,220.5
0.31507739895242,221
0.329487213108542,221
0.343897036205515,221
0.358306868243355,221
0.372716700281195,221
0.387126532319035,221
0.40153637329776,221
0.40153637329776,221
0.404578327485852,221.053407280123
0.404578327485852,221.16665678956
0.433398170380852,221.049137068227
0.447808091828352,220.963252472586
0.462218049040216,221.167949705673
0.476628006252081,221.370511832813
0.49103809758286,221.300640531792
0.505448188913639,221
0.505448188913639,221
0.519858342834621,221
0.534270795316859,221
0.548683247799098,221
0.563095700281336,221
0.577508385368658,221
0.591921097295806,221
0.606333809222953,221
0.606333809222953,221
0.617954036232889,221.172556958207
0.632367302885843,221.166307292987
0.646780569538798,221
0.661193836191752,221.188872286025
0.661193836191752,221.5012198098
0.661193836191752,221.596378075957
0.704434978379526,221.425382046139
0.718848692442118,221.390434404742
0.718848692442118,221.312347523794
0.747676389030536,221.234260642845
0.762090237324745,221.156173761897
0.776504246702213,221.078086880948
0.790918256079681,221
0.790918256079681,221
0.805332462344564,221
0.819746668609448,221
0.834160892773617,221
0.834160892773617,221
0.841155847286716,221.343145750612
0.855570465253291,222.050252531785
0.869985083219866,222.757359312959
0.884399701186441,223
0.898814328103474,223
0.913228955020507,223
0.927643581937539,223.207106781173
0.94205953371978,223.228553390582
0.956475485502021,223
0.956475485502021,223
0.970891508909775,223
0.985307711386331,223
0.999723913862887,223
0.999723913862887,223
1.00177296979745,223.047727214704
1.016189172274,223.240746699308
1.0306054016115,223.183766183922
1.04502163094899,223.209523779284
1.05943786028649,223.713203435666
1.07385452837547,223.966883092058
1.08827119646446,224.142135623691
1.10268788246258,224.249368670697
1.1171045684607,224.106601717713
1.13152125445883,224.17830085887
1.14593836134233,224.242640687078
1.16035546822584,224.056980515294
1.17477257510934,224.207106781173
1.18919088218133,224.228553390582
1.20360918925332,224
1.20360918925332,224
1.21642048689377,224.198684438327
1.2308436248436,224.422291236073
1.2308436248436,224.457427527636
1.25969029532222,224.226932359129
1.27411363056154,224.093111629309
1.28853706444885,224.316718427055
1.28853706444885,224.459674775405
1.31738445238836,224.236067977641
1.33180814635811,224.012461179877
1.34623184032786,223.788854382113
1.34623184032786,223.565247584349
1.37507965877149,223.658359213527
1.38950372943915,223.881966011273
1.40392780010681,224.083281573018
1.40392780010681,224.112461179764
1.43277626434544,223.95278640451
1.4472006848324,223.876393202255
1.46162510531935,224
1.46162510531935,224
1.47562491051662,223.999999999702
1.49004951937913,223.999999999721
1.50447412824164,223.949747468084
1.51889873710416,223.596194077507
1.53332373171279,223.242640686929
1.54774872632142,223.110912703443
1.56217372093006,223.464466094039
1.57660257482897,223.818019484635
1.59103142872789,223.82842712462
1.6054609022181,223.474873734042
1.61989037570831,223.121320343465
1.63431984919852,223.17830085887
1.6487497268162,223.242640687078
1.66317960443387,223.056980515294
1.67760948205155,223.499999999981
1.69203945846148,223.874999999986
1.70646943487142,224
1.70646943487142,224
1.70932713336398,223.941742026992
1.72375723551267,223.647567824293
1.73818733766137,223.414328706927
1.73818733766137,223.449076080096
1.73818733766137,223.411651594583
1.78147847940975,223.509709662153
1.79590885999254,223.607767729722
1.81033947411406,223.705825797291
1.82477008823558,223.807692307694
1.83920073828721,223.951923076924
1.85363138833884,224
1.85395931535001,224.011359237134
1.87558865707133,224.511230154894
1.89721799879264,225.011101072654
1.91884737360656,225.510971990414
1.94047674842047,226.010842908174
1.96210615632714,226.510713825934
1.98373556423382,227.000724233364
2.00536500523341,227.040725726655
2.02699444623301,227.100529161848
2.04862408579357,227.560404452176
2.07025372535413,228.001146441972
2.09188339800876,228.063857608889
2.11351307066339,228.14505689841
2.13514880228032,228.582222515112
2.15678453389725,229
2.1784202986383,229
2.20005606337934,229.009293921292
2.22169186124465,229.509164839052
2.24332765910996,230
2.26496349009971,230
2.28659932108946,230
2.30823518520381,230
2.32987104931816,230
2.35150694655728,230
2.37314284379639,230
2.39477877416043,230
2.41641470452447,230.002366007619
2.4380506680136,230.155915869042
2.45968663150273,230.318357839622
2.48132266124252,230.329718542295
2.50295869098232,230.343632826802
2.52459518449512,230.531253064525
2.54623167800791,230.727601300627
2.5678682377766,230.750322705973
2.5895047975453,230.773044111319
2.6111415229566,230.795765516665
2.6327782483679,230.815739966749
2.65441504003739,230.628137326606
2.67605183170688,230.431964866351
2.69768888841567,230.443325569024
2.71932594512445,230.451869059416
2.71932594512445,230.230196042974
2.71932594512445,230
2.71932594512445,230
2.80613919310547,230
2.82784253855939,230
2.8495458840133,230.002586844173
2.87124926292603,230.235359532378
2.89295264183877,230.454428106919
2.91465605421049,230.443067404246
2.93635946658221,230.436611826699
2.95806301279155,230.925122041786
2.97976655900088,231.408985296227
3.00147013867004,231.397624593554
3.0231737183392,231.386263890881
3.04487746530994,231.374903188208
3.06658121228068,231.35941185385
3.08834714753794,230.848180233417
3.11011308279519,230.336948612984
3.13187905182318,229.825716992551
3.15364502085116,229.314485372119
3.17541102365006,228.803253751686
3.19717702644895,228.295378269497
3.21894306301891,228.284017566824
3.24070909958888,228.272656864151
3.26247516993009,228.261296161478
3.2842412402713,228.249935458805
3.30600734438391,228.238574756132
3.32777344849653,228.229795698263
3.34953958638073,228.71830591335
3.37130572426493,229.206816128436
3.39307189592088,229.695326343523
3.41483806757683,230.18383655861
3.43660427300469,230.672346773697
3.45837047843256,231.160569561654
3.48014033222165,231.57527480392
3.50191018601074,232.001548986882
3.52368007359015,232.501419904642
3.54544996116957,233
3.56721988253949,233
3.58898980390941,233
3.61075979286083,233
3.63252978181225,233.000774493441
3.65430125772784,233.500645411201
3.67607273364343,234
3.69784424335746,234
3.71961575307149,234.00000586586
3.74138729658413,234.005681817801
3.76315884009678,234
3.76315884009678,234
3.76761439811154,234.137788603597
3.78938594162418,234.668634106984
3.81115795833516,234.962993123892
3.83292997504613,235.020865654321
3.83292997504613,235
3.8764772537599,235
3.89825109597493,235
3.92002493818995,235.093809031416
3.94179878040497,235.254414773765
3.96357566622306,235.172092411486
3.98535255204114,235
4.00712984377655,235.369358651634
4.00712984377655,235.565681759226
4.00712984377655,235.464990554936
4.07246506817791,235.377011224398
4.09424347631169,235.232495277468
4.11604289354324,235.116247638734
4.13784231077479,235
4.13784231077479,235
4.14857683434896,234.894833525439
4.17037818634179,234.769053488865
4.19217953833461,234.843580738259
4.2139812298163,234.976602282214
4.2139812298163,234.910427500531
4.2575867178271,234.667891875487
4.2793894618325,234.574643749557
4.30119264726755,234.817179374602
4.3229958327026,234.970142500177
4.34479922188412,234.848874687655
4.36660261106564,234.727606875133
4.38840613608155,234.60633906261
4.38840613608155,234.514037279616
4.43201705798614,234.561998547959
4.45382251893843,234.49231275747
4.47562804782838,234.304979908151
4.49743357671833,234
4.49743357671833,234
4.50801539374726,234.142135623542
4.52982197575802,234.249368670567
4.55162855776878,234.106601717601
4.57343513977954,234.232233046926
4.59524263915811,234.585786437541
4.61705013853667,234.939339828156
4.63885763791523,234.999999999925
4.66066564699631,234.999999999963
4.68247365607739,235
4.68247365607739,234
4.7043479806362,233
4.72622233951064,233
4.74809669838507,233
4.76997105725951,233
4.79184545044974,233
4.81371987795594,233
4.83559430546215,233
4.85746873296835,233.5
4.8793431947907,234
4.90121769092936,234
4.92309218706803,234
4.94496668320669,234.5
4.96684121366185,235
4.98871577843367,235
5.01059034320549,235
5.03246490797731,235
5.05433950706596,235
5.05433950706596,235
5.05895729073261,235.053407280123
5.05895729073261,235.16665678956
5.1027073125411,235.049137068227
5.12458232344534,235
5.14645802076441,235.167949705673
5.16833371808348,235.277350098137
5.1902095870171,235.138675049069
5.21208545595072,235
5.21208545595072,235
5.23396163380147,235
5.25583822356358,235
5.27771481332569,235
5.2995914030878,235.5
5.32147847066109,236
5.32147847066109,236
5.32607358058561,236.142858182321
5.34796064815889,236.672480155223
5.36984781887294,236.952787059629
5.39173498958698,237.251998553015
5.39173498958698,237.74029761593
5.43550988111445,237.97928161035
5.45739732687819,238.244254670165
5.45739732687819,238.351005273409
5.50117228716964,238.206766490545
5.52305976731537,237.86654094086
5.52305976731537,237.526315391176
5.56683651559271,237.186089841491
5.58872488973138,236.845864291806
5.58872488973138,236.505638742121
5.63250762259612,236.165413192436
5.63250762259612,236
5.67629765059105,236
5.69819266458852,236
5.69819266458852,236
5.74198468910341,236
5.76388070136086,236
5.76388070136086,236.216165655358
5.80767527358574,236.556391205043
5.80767527358574,236.896616754727
5.80767527358574,237.236842304412
5.8733696111591,237.577067854097
5.89526779255575,237.917293403782
5.91716597395241,238.257518953467
5.91716597395241,238.261711961311
5.96096405866863,238.235540765179
5.98286310102674,237.931173966527
5.98286310102674,237.564777220711
6.02666387237833,237.198380474895
6.04856425805412,237.248656850384
6.07046708993882,237.297555617299
6.09236992182352,237.097139315718
6.11427275370822,237.31954890063
6.13617844636209,237.659774450315
6.15808413901597,238
6.15808413901597,238
6.17941296629422,238.153950105868
6.20131896922434,238.312063988876
6.22322497215447,238.252668078134
6.22322497215447,238.299376323222
6.22322497215447,238.290321069844
6.28895011871019,238.101726707737
6.31085850089544,238.276299364964
6.33276743491095,238.578274417904
6.35467636892646,238.58113883026
6.35467636892646,238.423024947233
6.35467636892646,238.264911064207
6.42040451615822,238.106797181182
6.44231389856881,238.000000000111
6.46422414336074,238.000000000093
6.48613438815267,238.064911064102
6.48613438815267,238.273683298083
6.48613438815267,238.332455532059
6.55187236827772,238.241227766031
6.57378502831941,238
6.57378502831941,238
6.59569786091176,238
6.61761100410635,238
6.63952414730095,238
6.66143729049554,238
6.68335064076617,238
6.68335064076617,238
6.69774451801407,238.17830085887
6.71965824794049,238.242640687078
6.74157197786691,238.056980515294
6.76348570779332,238.207106781173
6.78540040421193,238.228553390582
6.80731510063053,238
6.80731510063053,238
6.82929336816218,238
6.85127163569382,238
6.87324993806929,238
6.89522827528876,238
6.91720661250824,238
6.93918494972771,238
6.96116332179136,238
6.98314172869938,238
7.00512013560739,238
7.02709854251541,238
7.04907698426796,238
7.07105546086523,238
7.09303393746249,238
7.11501241405976,238
7.13699096034699,238
7.15896978540121,238
7.18094861045542,238
7.18094861045542,238
7.19915646530119,238.207106781173
7.22113609187394,238.228553390582
7.24311571844669,238
7.24311571844669,238
7.26509569353514,238
7.28707566862359,238
7.30905588768362,238
7.3310362461599,238
7.35301660463619,238
7.37499696311247,238
7.39697742615281,238
7.41895806347015,238
7.44093870078748,238
7.44093870078748,238
7.4545776719994,238.389618949227
7.476566540259,238.818289161295
7.49855540851861,239
7.52054427677822,239.096818269615
7.52054427677822,239.107875763493
7.5645241771399,239
7.5645241771399,239.054460276659
7.5645241771399,239.03201569215
7.6305485495802,238.688774478622
7.65255681371435,238.463557441011
7.6745650778485,238.767335906336
7.6745650778485,239.10567200374
7.7186036020577,239.192055319957
7.7406228641623,239.128036879972
7.76264317795547,239.064018439986
7.78466349174865,239
7.78466349174865,239
7.80668461194602,239
7.82870692439348,238.5
7.85072923684094,238
7.8727515492884,238.5
7.89477459822953,239
7.91679785761201,239
7.93882111699449,239
7.96084437637697,239
7.98286770590801,239
8.00489117573831,239
8.02691464556861,239
8.04893811539891,239
8.07096165537993,239
8.09298621262721,239
8.1150107698745,239
8.13703532712179,239
8.15906002469355,239
8.18108486259266,239
8.20310970049177,239
8.22513453839088,239
8.2471594815374,239
8.26918502111648,239
8.29121056069557,239
8.29121056069557,239
8.30567812996749,239.178300858963
8.32770405550127,239.242640687152
8.34972998103505,239.05698051535
8.37175590656883,239.500000000018
8.39378330594828,239.875000000005
8.41581070532773,240
8.41581070532773,240
8.43783817489823,240
8.45986564446874,240
8.48189325442351,240
8.50392100476543,240
8.52594875510736,240
8.54797650544928,240.5
8.57002193248487,241
8.59206739470853,241.5
8.61411285693219,242
8.63615831915585,242
8.65820381656777,242
8.68024945473451,242.5
8.70229509290124,243
8.72434073106798,243
8.74638640442388,243
8.76843211296911,243
8.79047782151435,243
8.81252353005958,243
8.83456944974465,243
8.83456944974465,243
8.84172457026641,243.043416490263
8.84172457026641,243.077847075229
8.84172457026641,243
8.90788799925068,243
8.92994247557876,243
8.95199705761131,243
8.97405163964385,243
8.97405163964385,243
8.98475431752411,243.313708499071
9.00680907573437,243.774494936655
9.02886383394463,243.985281374248
9.05091859215488,244
9.07297359702156,244
9.09502860188823,244
9.11708360675491,244
9.13915554643647,244
9.16122748611803,244
9.18381189526626,244
9.20639634245071,243.5
9.22898078963516,243
9.25156523681961,243
9.27414972204048,243
9.29673424529799,243
9.31931876855549,243
9.341903291813,243.5
9.36448785310734,244
9.38707245243873,244
9.40965705177012,244
9.43224165110151,244
9.45482632650761,244
9.47754657467755,244
9.50026682284749,244
9.52298710979576,244
9.54570743552258,244
9.5684277612494,244
9.59114808697621,244
9.61386845148179,244
9.63658885476633,244
9.65930925805088,244
9.68202966133542,244
9.70475010339915,244
9.72747058424228,244
9.75019106508541,244
9.77291154592853,244.5
9.79563237579584,245
9.81835324444468,245
9.84107411309352,245
9.86379498174236,245
9.88651592795489,245
9.9092370292974,245
9.9319581306399,245
9.9546792319824,245
9.97740060481055,245
10.0001224818541,245
10.0228443588976,245
10.0455662359411,245
10.0682890827309,245
10.091012821805,245
10.1137365608792,245
10.1364602999533,245.5
10.1591845822123,246
10.1819089032719,246
10.2046332243315,246
10.2046332243315,246
10.2260911623809,246.544271909975
10.2260911623809,246.926237921244
10.2715420551161,247
10.294267811945,247
10.316993568774,247.105572808981
10.3397194032204,247.329179606736
10.3397194032204,247.494427190992
10.3851796903335,247.347213595498
10.4079098338901,247
10.4079098338901,247
10.430640521125,247
10.4533714802147,247
10.4761024393045,247
10.4988333983943,247
10.52161076475,247
10.5443885220488,247
10.5671662793475,247
10.5899440366463,247
10.6127223804003,247
10.6355139910307,247
10.6583056016611,247
10.6810972122915,246.5
10.7038888620941,246
10.7266805510691,246
10.749472240044,246
10.772263929019,245.5
10.7950556571666,245
10.8178474244869,245
10.8406391918073,245
10.8634309591277,245
10.8862227656211,245
10.9090146112878,245.5
10.9318064569545,246
10.9545983026212,246
10.9773901874613,246
11.0001821114752,246.5
11.022974035489,247
11.0457659595028,247.5
11.0685587845714,248
11.0913516488188,248.5
11.1141445130662,249
11.1369373773137,249
11.1597302807402,249
11.1825232233461,249
11.205316165952,249
11.2281091085579,249
11.250902129523,249
11.2736952680288,249
11.2964884065346,249
11.3192815450404,249
11.3421062943599,249
11.3649310830354,249
11.387755871711,249
11.4105806603865,249
11.4334054884183,249
11.4562303951631,249
11.4790553019079,249
11.5018802086527,249
11.5247137003698,249
11.5475472314915,248.5
11.5703807626132,248
11.5932142937349,248
11.6160478642614,248
11.6388814741929,248
11.6617150841244,248
11.6845486940559,248
11.7073823433926,248
11.7302160321348,248.5
11.753049720877,249
11.7758834096192,249
11.7987171377671,249
11.821550944727,249
11.8443847516869,249
11.8443847516869,249
11.8633008967346,249.500000000018
11.886135176585,249.875000000005
11.9089694564354,250
11.9089694564354,250
11.9318314554231,250
11.9546934544108,250
11.9775554929619,250
12.0004175710765,250
12.0232796491911,250
12.0232796491911,250
12.0343741898799,250.313708499071
12.057239037991,250.774494936655
12.0801038861021,250.985281374248
12.1029687342132,251
12.1258341364534,251
12.1486995386936,251
12.1715649409337,251
12.1944350946275,251
12.2173052483213,251
12.2173052483213,251
12.2186493897357,250.999949377605
12.2415450973641,250.983571556159
12.2644408049925,250.939552351236
12.2873366318763,250.91019134026
12.3102324587602,250.854945926834
12.3331284446545,250.326447729273
12.3560244305487,249.802247177199
12.3789235576276,249.377905837124
12.4018226847064,249
12.4247218515559,249
12.4476210184055,248.985408149291
12.470520225026,248.64894717755
12.4934194316465,248.373039653655
12.5163186780382,248.901537851216
12.5392179244299,249.430036048777
12.562117210593,249.958534246338
12.5850164967561,250.479709718454
12.5850164967561,250.757752665132
12.5850164967561,251
12.5850164967561,251
12.5850164967561,251
12.5850164967561,251
12.5850164967561,251.006705798303
12.5850164967561,251.344940085224
12.5850164967561,251.708923197653
12.7911530398823,251.869927429613
12.8140571002297,252
12.8369616381719,252
12.8598661761141,252
12.8827707538573,252
12.9056753316006,252
12.9285799889465,252
12.9514846462924,252.00172562683
12.9743896618616,252.500862813415
12.9972946774307,253
12.9972946774307,253
13.0025982470137,253.147164575969
13.0025982470137,253.671261650209
13.0025982470137,254.025557304835
13.0715091876101,254.485129819848
13.0944798225125,254.94470233486
13.1174504574149,255.434678357001
13.1404211726621,256.091210521301
13.1633918879094,256.424322805703
13.1633918879094,256.62128245499
13.1633918879094,256.619765281957
13.2323058414962,256.308536295166
13.2552771593585,256.177852795137
13.2552771593585,256.154941320489
13.301222446948,256
13.3241958542703,256
13.3471692615926,256
13.3471692615926,256
13.3523473928374,256.153029105629
13.3753208001597,256.678786700419
13.3982971015918,256.954544295217
13.4212734030238,257
13.4442497044558,257
13.4672265687679,257
13.4902034330799,257
13.5131867334635,257
13.5361700338471,257
13.5591533342308,256.476659402195
13.5821374395318,255.769552621022
13.6051215448329,255.062445839848
13.628105650134,254.896103067682
13.6510914057999,254.543181006103
13.6740771614658,253.999133448204
13.6970629171317,253.853318167817
13.7200493974686,253.457502887438
13.7430358778056,253
13.7660223581425,253
13.7890104088526,253
13.8119984595627,253.128029742408
13.8349877184874,253.249981415018
13.8579769774121,253.121933087638
13.8809662363369,253.166720294501
13.9039570662465,253.245778748313
13.9269478961562,253.074837202134
13.9499387260659,253.47012947293
13.9729402397857,253.859848098521
13.9959417535056,253.999566724121
14.0189432672254,254
14.041958835335,254
14.0649744034445,254.001587615403
14.0879899715541,254.154762208593
14.111006752545,254.557936801774
14.1340235335358,255.010101267803
14.1570403145267,255.206169079792
14.1800584703654,255.652236891772
14.2030766262041,256.025974233079
14.2260954695659,256.264935263867
14.2491143129277,256.753896294645
14.2721331562895,257
14.295152929935,257
14.3181727035806,257
14.3411924772261,257
14.3642125340255,257
14.3872325908249,257
14.4102526476243,257
14.4332732303107,257
14.456293812997,256.899494936429
14.4793143956834,256.192388155255
14.50233590888,255.485281374082
14.5253574220766,255.09861107584
14.5483789352732,255.248737341627
14.5714019861001,255.148863607423
14.5944250369269,255.17157287538
14.6174483305678,255.525126265958
14.6404716242087,255.878679656535
14.6634949178496,256
14.6865191423538,256
14.7095433668581,256
14.7325675913624,255.707106781192
14.7555930707005,255.353553390596
14.7786185500386,255
14.803028427194,255
14.8274383043495,255.5
14.8518482303668,256
14.8762582052462,256
14.9006681801256,256
14.925078155005,256
14.9494881787469,256
14.9738983002147,256.5
14.9983084216824,257
14.9983084216824,257
15.0062308564741,257.205266807713
15.0306428349726,257.83772233976
15.0550548134712,258.432455531979
15.0794670852267,258.799341649008
15.1038793569823,259.051316701956
15.1283559789089,259.525658350978
15.1528326008355,260
15.1528326008355,260
15.163990125096,260.322330470663
15.1884670427892,261.029437251836
15.2129439604824,261.73654403301
15.2374208781757,262
15.2618978451645,262
15.2863748121533,262
15.3108517791421,262
15.3353290912087,262
15.3598064032754,262
15.3842837153421,261.882250993837
15.4087612246031,261.514610306653
15.4332387338642,261
15.4577162431252,261
15.4821939002854,261
15.5066715574456,260.901388924364
15.5311492146058,260.751262658559
15.555627019668,260.851136392745
15.5801048247303,261.000000000149
15.6045830735159,261.00000000013
15.6290613223015,261.000000000112
15.6535395710871,261.232233047113
15.6780184115441,261.58578643769
15.7024972520012,261.939339828268
15.7269760924583,262.000000000037
15.7514559684513,262.000000000019
15.7759358444444,262
15.7759358444444,262
15.7794285203087,261.933926194757
15.8039251817904,261.470820369851
15.828421843272,261.139707387245
15.8529185541774,261.615781616311
15.8774152650829,262.009750953984
15.9019120254125,262.103472064709
15.926408785742,262.218823749572
15.950905595496,262.254447274581
15.97540240525,262.272379032253
15.97540240525,262.1433965168
15.97540240525,261.962669089679
15.97540240525,261.663988245093
15.97540240525,261.432564899623
15.97540240525,261.468188424632
16.1227097412076,261.530292167953
16.1472610136466,261.79371160781
16.1718122860856,262
16.1963636083043,262
16.220914930523,262.048284703232
16.2454663025217,262.547014053147
16.2700176745204,263
16.2945690962995,263
16.3191205180786,263
16.3436719896384,263
16.3682234611982,262.959339197278
16.3927749825389,262.460609847363
16.4173265038797,262
16.4418780750018,262
16.466429646124,262.00254129976
16.4909812670277,262.038164824769
16.5155328879315,262.073788349777
16.5400845586173,262.109411874786
16.564636229303,262.171108060002
16.5891879497711,262.61427466596
16.6137396702392,263.006046024892
16.6382914404899,263.132674758725
16.6628432107406,263.280222512161
16.6628432107406,263.153774838467
16.6628432107406,263
16.6628432107406,263
16.6628432107406,262.979669598639
16.6628432107406,262.480940248724
16.8103985208141,261.991082845685
16.8349911225429,261.722684252379
16.8595837242717,261.420964135051
16.8841763760507,261.190452318302
16.9087690278298,261.012706500851
16.9333617296594,261.511435850766
16.957954431489,262.010165200681
16.9825471833695,262.508894550595
17.00713993525,263.00762390051
17.0317327371817,263.506353250425
17.0563255391134,264
17.0809183910966,264
17.1055112430799,264.00018106014
17.130104145115,264.017857027539
17.1546970471502,264
17.1546970471502,264
17.1792899491853,264.18
17.2038866561235,264.12
17.2284833630618,263.98
17.2284833630618,264.08
17.2776801825537,264
17.3022785922996,263.92
17.3268772524905,264.1
17.3514759126814,264.2
17.3760757751224,264.1
17.4006756375634,264
17.4006756375634,264
17.416834161747,264.464466094133
17.4414452041555,265.171572875306
17.466056246564,265.87867965648
17.4906672889725,266
17.5152783815523,266
17.5398894741321,266
17.5398894741321,266
17.5645010182681,266
17.589112562404,266
17.6137241567146,266
17.6383360019029,266
17.6629478470912,266
17.6875596922794,266
17.7121715876443,266
17.7121715876443,266
17.7354119090865,266.54427190996
17.7354119090865,266.926237921215
17.7846561856385,267
17.8092783741586,267
17.8339005626788,267.29442719098
17.8339005626788,267.770820393235
17.883146447124,268
17.9077694898459,268
17.9323925325677,268
17.9323925325677,268
17.9401169903454,268.098611075636
17.9647400330673,268.248737341441
17.9893635783054,268.148863607255
18.0139871235435,268.142135623691
18.0386114728762,268.249368670697
18.0632358222089,268.106601717713
18.0878601715417,268.17830085887
18.1124849732149,268.242640687077
18.137109774888,268.056980515294
18.1617345765612,267.999999999963
18.1863602327283,267.999999999981
18.2109858888953,268
18.2109858888953,268
18.2356128521202,268
18.260239815345,268
18.2848735184915,268
18.2848735184915,268
18.3045555978542,268.485173055444
18.3291901564902,268.867532368233
18.3538247151263,268.99989168103
18.3784592737624,269.225396744598
18.4030962484154,269.211309447991
18.4277332230685,269.047727214965
18.4523701977215,269.24074669955
18.477008229622,269.183766184145
18.5016462615226,268.889087296557
18.5262842934231,268.535533905961
18.5509238359309,268.181980515365
18.5755633784387,267.828427124769
18.6002053889135,267.474873734172
18.6248473993884,267.121320343576
18.6494894098632,267.232233047113
18.6741326294289,267.58578643769
18.6987758489946,267.939339828268
18.7234190685604,268
18.7480628927432,268
18.772706716926,268
18.772706716926,268.5
18.7973609782838,269
18.8220152900973,269
18.8466696019109,269
18.8713239137244,269
18.8959904456121,269
18.9206570280364,269
18.9453236104608,269
18.9699901928851,269
18.9946568258465,269
19.0193235598829,269
19.0439902939192,269
19.0686570279556,269
19.093323913607,269
19.093323913607,269
19.1010621252843,269.098611075636
19.1257290109357,269.248737341441
19.1503965536203,269.148863607255
19.1750640963048,269
19.1997322455315,269
19.2244003947582,269
19.249068543985,268.94606781185
19.2737371987002,268.656854249462
19.2984058534155,268.117640687082
19.3230745081307,268
19.3477439716971,268
19.3724134352634,268
19.3724134352634,268
19.3970878043195,268
19.4217621733757,268.5
19.4464365930203,269
19.4711110632536,269
19.495785533487,269
19.495785533487,269
19.5162265339179,269.500000000018
19.5409655228973,269.875000000005
19.5657045118767,270
19.5657045118767,270
19.5904435518726,270
19.6151825918686,270
19.6399217849163,270
19.6646610800003,270
19.6894003750842,270
19.6894003750842,270
19.7006776373597,269.999999999534
19.7254182080106,269.999999999553
19.7501587786615,269.999999999572
19.7748993493124,269.778174592704
19.7996407874698,269.424621202126
19.8243822256273,269.071067811549
19.8491236637848,268.717514420971
19.8738690835235,268.363961030394
19.8986145032623,268.010407639816
19.923359923001,268.2253967443
19.9481060576012,268.211309447712
19.9728521922013,268
19.9975983268014,268
20.0223452273983,268
20.0470921279951,268
20.071839028592,268
20.096587665731,268
20.12133630287,268
20.1460864214877,268
20.1708365401054,268
20.1955866587231,268.232233047113
20.2203383102056,268.58578643769
20.2450899616881,268.939339828268
20.2698416131707,269.292893218845
20.2945936734688,269.646446609423
20.319345733767,270
20.319345733767,270
20.3310320713936,270.105572808981
20.35578765863,270.329179606736
20.35578765863,270.494427190992
20.4053006737769,270.347213595498
20.4300571813504,270
20.4300571813504,270
20.454818957419,270
20.4795807846558,270
20.5043426118926,270
20.5291044391293,270
20.5538663175346,270
20.5786282471086,270
20.6033901766827,270
20.6281521062568,270
20.652914087,270
20.6776813399933,270.5
20.7024485929866,271
20.7102182907521,271.209523779284
20.7349855437454,271.713203435666
20.7600428784242,271.966883092058
20.785100213103,272.313708499071
20.810158451591,272.774494936655
20.835216690079,272.985281374248
20.860274928567,273.410533905983
20.8853333265617,273.828427124768
20.9103917245563,273.996320343562
20.935450122551,274
20.9605122964917,274
20.9855744704324,274
20.9855744704324,274
20.9871393296012,274.000060679206
21.0122015567374,274.017568510561
21.0372637838735,274.093537030183
21.062326223795,274.62375246251
21.0873886637166,275.153967894837
21.1124512632309,275.684183327165
21.1375138627453,276.214398759492
21.1625765686567,276.744614191819
21.1876392745681,277.251460566074
21.2127020336786,277.282649709154
21.2377647927891,277.313838852234
21.2628278179003,277.345027995314
21.2878908430116,277.368890604932
21.2878908430116,277.196165919072
21.2878908430116,276.990160377906
21.2878908430116,276.726115583863
21.3881540112481,276.508748226938
21.4132210274635,276.772914497797
21.4382880436789,277
21.4633630482503,277
21.4884380528216,277
21.5135131106762,277
21.5385881685308,276.993299812869
21.5636632796689,276.634047652607
21.5887383908071,276.249513144642
21.6138135552292,276.218324001562
21.6388887196514,276.187134858482
21.6639639373578,276.155945715401
21.6890391550643,276.128651415333
21.7141144260555,276.5964885615
21.7391896970466,277.062378286161
21.7642650746083,277.03118914308
21.7893404521699,277
21.7893404521699,277
21.8095574370857,277.172556958207
21.8346446530506,277.166307292987
21.8597318690155,277
21.8848190849804,277.188872286025
21.8848190849804,277.5012198098
21.8848190849804,277.863337242894
21.9600855363729,278.12591485735
21.9851743535038,278.465129154694
21.9851743535038,278.859908201803
22.0353535891784,279.062957428675
22.0604432070157,279.512195121952
22.0855357614813,279.878048780488
22.1106283159469,280
22.1106283159469,280
22.1187722379989,280.205266807713
22.1438650594856,280.83772233976
22.1689578809724,281.367544467896
22.1689578809724,281.525658350922
22.1689578809724,281.632455531992
22.2442494867927,281.316227765996
22.2693466887329,281
22.2946463946237,281
22.3199462101893,281
22.3452460257549,281
22.3705458413204,281
22.3958457665622,281
22.3958457665622,281
22.4124641299715,280.999999999907
22.4377645487753,280.999999999926
22.4630649675791,280.999999999944
22.4883653863829,280.792893218789
22.5136711266585,280.771446609399
22.538976866934,281
22.538976866934,281
22.5431656011257,281.013606076129
22.5684715060403,281.095805569785
22.593777410955,281.122084434866
22.6190835902758,280.845011126499
22.6443897695966,280.666172999129
22.6443897695966,280.616685158033
22.6950080566337,280.506803038064
22.7203176393878,280.58900253172
22.745627222142,280.671202025376
22.7709369147088,280.753401519032
22.7962466072756,280.837837837831
22.8215564096567,280.959459459458
22.8468662120378,281
22.8468662120378,281
22.863491063288,281.17830085887
22.8888025679866,281.242640687078
22.9141140726851,281.056980515294
22.9394255773836,281
22.9647407625451,281
22.9900559477066,281
22.9900559477066,281.5
23.0153719021378,282
23.0406878565691,282
23.0660038659511,282
23.0913199852356,282
23.1166361045202,282
23.1166361045202,282
23.1323447401224,282.389618949014
23.1576626180577,282.818289161196
23.182980495993,283.00656168256
23.2082983739283,283.487490591842
23.2082983739283,283.882658725613
23.2589387474522,284.031925220034
23.2589387474522,284
23.2589387474522,284
23.3349019469324,284.311225521378
23.3349019469324,284.615889360197
23.3349019469324,284.60046099918
23.4110424821758,284.280368799344
23.4110424821758,284
23.4110424821758,284.148381120972
23.4872512590517,284.197141380161
23.512654184677,284
23.512654184677,284
23.5293402043259,284.410533905983
23.5547435188888,284.828427124768
23.5801468334517,284.996320343562
23.6055501480146,285.500000000018
23.6309541849411,285.875000000005
23.6563582218676,286
23.6563582218676,286
23.6817623699329,286
23.7071665179981,286
23.7325708883456,286
23.7325708883456,286
23.7528687229977,286.202687476416
23.7782827130502,286.231493398626
23.8036967031027,286.010299320847
23.8291106931553,286.2253967443
23.8545283005826,286.211309447712
23.8799459080099,285.952272785035
23.9053635154373,285.75925330045
23.9307841850164,285.816233815855
23.9562048545955,285.889087296352
23.9816255241746,285.535533905774
24.0070611876034,285.181980515197
24.0324968510323,284.85786437616
24.057935862703,284.750631329173
24.0833748743737,284.893398282176
24.1088138860444,284.821699141037
24.1342552423296,284.757359312848
24.1596965986148,284.94301948465
24.1851379549001,285.085786437597
24.210581544799,285.417893218803
24.2360251346979,286
24.2360251346979,286
24.2586328792555,286.000000000317
24.2840765808517,286.000000000298
24.2840765808517,286.000000000279
24.3349664415927,286.000000000261
24.3604113719631,286.000000000242
24.3858570843805,286.000000000224
24.3858570843805,286.000000000205
24.4367508556461,286.000000000186
24.4621977412789,286.000000000167
24.4876446269117,286.000000000149
24.5130922389081,286.00000000013
24.5130922389081,286.000000000112
24.56398947459,286.000000000093
24.5894380924309,286.000000000075
24.6148898403854,286.000000000056
24.6148898403854,286.047213595528
24.6657952372114,286.123606797764
24.6912479356244,286
24.6977341484896,285.999999999162
24.7231868469026,285.99999999918
24.7488930966612,285.999999999199
24.7745993464199,285.97727214666
24.8003077901198,285.745670428693
24.8260162338197,285.264068710736
24.8517246775197,284.955302527021
24.8774360666682,284.680807590255
24.9031474558168,284.156312653499
24.9288588449654,284.198051533718
24.9546801032368,284.234216768731
24.9805013615082,284.020382003753
25.0063226197795,284.554761570389
25.0321456351547,284.9015869772
25.0579686505299,284.999999999423
25.083791665905,284.999999999441
25.1096156771433,284.99999999946
25.1354396883817,285.090403795507
25.16126369962,285.247889374114
25.1870884724843,285.155374952731
25.2129132453485,285.135191002019
25.2387406551693,285.249783361828
25.2645680649901,285.114375721645
25.2903954748108,285.394444302952
25.3162249948216,285.819696834539
25.3420545148323,285.994949366135
25.3678840348431,286
25.3937175422845,286
25.4195510497259,286
25.4453845571672,285.882250993837
25.4712203524126,285.514610306653
25.497056147658,285.09797974662
25.5228919429033,285.644552621802
25.5487304374234,285.941125496992
25.5745689319435,286.209523779284
25.6004074264636,286.713203435666
25.6262510286194,286.966883092058
25.6520946307751,287.313708499071
25.6779385853016,287.774494936655
25.703782539828,287.985281374248
25.7296264943544,288
25.7554739734392,288
25.781321452524,288
25.8071689316088,288
25.833017762185,288
25.8588665927612,288
25.8588665927612,288
25.8847226547454,288
25.9105788931868,288.5
25.9364351316283,289
25.9364351316283,289
25.9622913700698,289.58
25.988148314379,289.92
26.0140052586883,290.22
26.0140052586883,290.68
26.0657198532212,291
26.0915771504877,291.08
26.1174345065819,291.08
26.143291862676,291.52
26.1691591079515,291.88
26.1950263532269,292
26.1950263532269,292
26.2209847017879,292
26.2469431099207,292.5
26.2729015180535,293
26.2988599261863,293
26.3248183938912,293
26.3507769211687,293
26.3767354484463,293
26.4026939757238,293
26.4286525625744,293
26.4286525625744,293
26.4409085447671,293.294427190984
26.4409085447671,293.770820393245
26.4928264333633,294
26.5187855563911,294
26.5447446794189,294
26.5447446794189,294
26.5707038024467,294.18
26.5966668585316,294.12
26.6226299146164,294
26.6226299146164,294.08
26.6745740379551,294
26.7005460996245,294
26.7005460996245,294.02
26.7005460996245,294
26.7784689092391,294
26.8044431791107,294
26.8304174489822,293.9
26.8563926739394,293.8
26.8823678988966,293.9
26.9083439596465,294.2
26.9343200203964,294.5
26.9343200203964,294.4
26.9862741719117,294.3
27.0122512476694,294.32
27.038230294101,294.28
27.0642093405326,294
27.0901883869642,294.08
27.1161693448125,293.92
27.1421503026607,293.72
27.1681328138688,293.8
27.1681328138688,294
27.1681328138688,294.28
27.2460821400703,294.3
27.2720652488041,294.2
27.2980494331959,294.1
27.3240336175876,294
27.3240336175876,293.5
27.3500431812722,293
27.3760527449567,293
27.4020623685925,293
27.4280720521801,293
27.4540817357676,293
27.4800914193552,293.5
27.5061011628949,294
27.5321109663872,294
27.5581207698795,294
27.5841305733718,294
27.6101404368172,294
27.6361504801244,294
27.6621605234316,294
27.6621605234316,294
27.6780915956045,294.384701480668
27.7041023583991,294.816142689901
27.7301131211937,294.983672768732
27.7561238839883,294.513884636121
27.7561238839883,294.111368815485
27.8081515266519,294
27.8081515266519,293.96195550867
27.8081515266519,293.63276401219
27.8861955100508,293.309907904491
27.8861955100508,293
27.8861955100508,293.14348392915
27.9642807409329,293.533918333873
27.9903091512269,293.924352738597
28.0163375615209,294.566616857797
28.0163375615209,295.269398786314
28.0163375615209,295.972180714831
28.0163375615209,296.772025932253
28.0163375615209,297.439632807045
28.0163375615209,297.596378075862
28.1725105471785,297.468521285579
28.1985393781215,297.417301178222
28.1985393781215,297.421645820655
28.2506001652116,297.17130321417
28.2766305587566,296.780868809447
28.302661793828,296.390434404723
28.3286930288994,296
28.3286930288994,296.5
28.3547570916753,297
28.3808211544512,297.5
28.4068853379416,298
28.4068853379416,298
28.4123875535625,298.141231249882
28.4123875535625,298.670505906497
28.4645170070176,298.969011332341
28.4905817337452,299
28.5166465811971,299.167949705673
28.542711428649,299.277350098137
28.5687772419605,299.138675049068
28.5948430552719,299
28.5948430552719,299
28.5974431525122,298.950618197243
28.6235124680316,298.482790257646
28.6495817835511,298.059801240973
28.6756511594667,297.612034505364
28.7017205353824,297.203970247805
28.7277899716946,297.253722107317
28.7538594080069,297.338213635124
28.7799289047163,297.885484089758
28.8059984014257,298.402977685854
28.8320679585326,298.452729545366
28.8320679585326,298.52729545366
28.8320679585326,299.074565908294
28.8320679585326,299.609886212344
28.9363483613531,299.831917762545
28.9624184620582,300
28.9884889855872,300
29.0145595091162,300.00197527211
29.0406302138622,300.07573887983
29.0667009186082,300.099503719024
29.0927721066193,300.049751859512
29.1188432946304,300
29.1449144826415,300.58
29.1736814305607,300.92
29.2024483784798,301.2
29.2024483784798,301.68
29.2024483784798,302
29.2887556929278,302
29.3175275360942,302.1
29.3462993792607,302.32
29.3750718863961,302.28
29.4038443935315,302
29.4038443935315,302
29.4326185608056,302
29.4613941394401,302
29.4901697180746,302
29.518945296709,302
29.5477216226247,302
29.5477216226247,302
29.5709224915064,302.172556958207
29.5997002291238,302.166307292987
29.6284779667411,301.904344047234
29.6572557043585,301.610972931502
29.6860353522805,301.185363472985
29.7148150002025,300.782810742382
29.7148150002025,300.594436143041
29.7148150002025,300.855563559436
29.8011733883729,301.172255725596
29.8299606816015,301.308002881408
29.85874797483,301.531478714347
29.8875391763395,301.765739357174
29.916330377849,302
29.916330377849,302
29.9189423742345,302.012134857096
29.9477364872769,302.121307564809
29.9765306003193,302.152103917201
30.0053278755291,301.816220032794
30.0341251507388,301.548690455771
30.0629235079996,301.56807104067
30.0917218652603,301.518573714793
30.0917218652603,301.111162857618
30.0917218652603,300.721970769733
30.0917218652603,300.606291358796
30.0917218652603,300.432144762389
30.2357386304629,299.97946603219
30.2645419835034,299.567855237518
30.2933460861518,300.111069713766
30.3221501888001,300.637857015804
30.3509548745203,300.683124888828
30.3797595602404,300.74071314251
30.4085649123749,301.283927618759
30.4373702645094,301.82862934148
30.4661783661282,302.439094956933
30.494986467747,303.004478605171
30.5237958194111,303.524780286193
30.5526051710751,304
30.5526051710751,304
30.5715287161434,304.642766953096
30.6003404016928,305.414213562458
30.6291520872422,305.93566017183
30.6579637727916,306.500000000018
30.6867758751704,306.875000000005
30.7155879775491,307
30.7155879775491,307.5
30.7444005801488,308
30.7732131827485,308
30.802025868721,308
30.802025868721,308
30.820103437669,308.394444302952
30.8489222119614,308.819696834539
30.8777409862538,308.994949366135
30.9065597605461,309.202687476416
30.935379536055,309.231493398626
30.9641993115639,309.010299320847
30.9930190870727,309.2253967443
31.0218401142598,309.211309447712
31.0506611414469,308.997474683049
31.079482168634,308.836940777057
31.1083211558135,308.426406871074
31.1371601429929,307.778174592909
31.1659991301723,307.071067811735
31.1948424665826,306.363961030561
31.2236858029928,305.686291500929
31.2525443783716,305.225505063345
31.2814029537503,305.014718625752
31.3102615291291,305.05393218815
31.3391206073333,305.343145750538
31.3679796855375,305.882359312918
31.3968387637417,306.585786437653
31.4257088273425,307.292893218827
31.4545788909433,308
31.4545788909433,308
31.4581736612396,308.01544424653
31.4870439765722,308.139478981122
31.5159142919049,308.310446479689
31.5447851946392,308.831128874014
31.5736560973736,309.243940067206
31.5736560973736,309.145406600082
31.5736560973736,309.023945287742
31.5736560973736,309.298473835903
31.6891675796834,309.496138938367
31.7180459541704,309.434121571072
31.7469243286574,309.395270573571
31.7758324840512,309.829392144643
31.804740639445,310.248069469184
31.8336488791059,310.186052101888
31.8625571187668,310.124034734592
31.8914660325928,310.062017367296
31.9203749464189,310
31.9203749464189,310
31.9395098660254,310.121951658376
31.9395098660254,310.1228972296
31.9973310649466,309.858718165867
32.0262420015722,309.429971702993
32.0551529381977,309.599019808061
32.0840638748233,309.746848096225
32.1129758230196,309.673844001786
32.1418877712159,309.665265820544
32.1708002252404,310.036344452065
32.1997126792649,310.244817870017
32.228626313666,310.232703052661
32.2575399480672,310
32.2575399480672,309.5
32.2864543413638,309
32.3153781840663,309
32.3443020267687,309
32.3732258694712,309
32.4021497965882,309
32.4310738081205,309
32.4599978196527,309
32.488921831185,309.5
32.5178459271334,310
32.5467701074987,310
32.575694287864,310
32.575694287864,310
32.5816136368331,310.054523108669
32.6105378171984,310.178501876464
32.6394699362989,310.065994157779
32.6684020553994,310
32.6973345969697,310.221951740841
32.6973345969697,310.394971664809
32.7552074554211,310.278724026075
32.7841438846468,310.162476387341
32.8130803138726,310.046228748606
32.8420202941671,309.929981109873
32.8709602744617,309.965666321991
32.8709602744617,310.113073232785
32.92886172766,310.018777243519
32.9578124542591,310
32.9867712278445,310.128142709425
33.01573000143,310.232495277468
33.0446918262833,310.116247638734
33.0736536511367,310
33.0736536511367,310
33.0793892227602,310.03883864861
33.1083521497149,310.234954783749
33.1373150766696,310.353393621594
33.1662781731904,310.059219418894
33.1952412697111,309.857579174666
33.1952412697111,310.288367260937
33.1952412697111,310.623001501055
33.2821442977519,310.861481895021
33.3111119737655,311.003808442833
33.340080243588,311.049981144493
33.3690485134104,311
33.3690485134104,311
33.3781361058604,311.320436482932
33.4071043756828,312.177669529892
33.4360885232174,312.784902576861
33.465072670752,313.485281374303
33.4940587730976,314.299621202483
33.5230448754432,314.863961030672
33.5520309777888,315.642766953002
33.5810250737802,316.414213562384
33.6100191697716,316.935660171774
33.639013265763,317.207106781173
33.6680074468314,317.228553390582
33.6970016278997,317
33.6970016278997,317
33.7031223734834,316.912176030241
33.7031223734834,316.496150883064
33.7613345116366,316.080125735886
33.7904405807132,315.963252472586
33.8195467359301,316.167949705673
33.848652891147,316.352138069106
33.8777611139757,316.560684419168
33.9068693368044,317
33.9068693368044,317
33.9359781627758,317
33.9650869887471,317
33.9941961593895,317
34.0233057608891,317
34.0524153623887,317
34.0815249638883,317
34.1106347377366,317
34.1106347377366,317
34.1288987046678,317.172618895655
34.1580102021835,317.244318036665
34.1871216996992,317.066017177684
34.2162331972148,316.717514420617
34.2453462463124,316.363961030059
34.2744592954099,316.0104076395
34.3035723445074,315.999999999702
34.3326866005751,315.999999999721
34.3618008566428,315.999999999739
34.3909151127105,315.999999999758
34.4200308346016,315.999999999776
34.4491465564927,316.098611075636
34.4782622783837,316.248737341441
34.5073799838262,316.148863607255
34.5364976892687,316.11269837215
34.565617637511,315.973611075567
34.5947375857534,315.334523779002
34.6238575339958,315.17830085887
34.6529792078476,315.242640687078
34.6821008816995,315.056980515294
34.7112225555514,315.500000000018
34.7403475089693,315.875000000005
34.7694724623873,316
34.7694724623873,316.5
34.7986197138471,317
34.8277669653069,317.5
34.8569388256176,318
34.8861108594675,318.5
34.9152828933174,319
34.9444549271673,319
34.9736270477881,319
34.9736270477881,319
34.9917283297193,319.436957405414
35.0209010577595,320.141160245053
35.0500737857996,320.839859136161
35.0792465138398,321
35.0792465138398,321
35.1375921434752,321
35.1375921434752,321.054460276582
35.1375921434752,321.032015692139
35.225147580507,321
35.225147580507,321.02420456737
35.225147580507,320.968257904516
35.3127223153423,320.666409602313
35.3127223153423,320.186004178059
35.3127223153423,320.5081967213
35.4003116630346,320.877049180325
35.4295081122653,321
35.4295081122653,321
35.4389839751973,321.153950105868
35.4682042951163,321.62829175489
35.4974246150353,322.037722339829
35.4974246150353,322.303291754849
35.4974246150353,322.699999999969
35.5851345571805,322.924999999992
35.6143712045623,323
35.6143712045623,323
35.6436080267282,323
35.6728448488942,323
35.7021182750118,323
35.7313917888758,322.5
35.7606653027398,322
35.7899388166039,321.5
35.8192124182152,321
35.8484861075745,321
35.8777597969339,321
35.9070334862933,321
35.9363072634017,321
35.9655811282598,321.5
35.994854993118,322
36.0241288579761,322
36.0534028105849,322
36.0826768509452,322.5
36.1119508913055,323
36.1412249316657,323
36.1704990597784,323
36.1997732756442,323
36.22904749151,323
36.2583217073758,323
36.2875960109957,323
36.3168704023704,323
36.3461447937452,323
36.3754191851199,323
36.4046936642504,323
36.4339682311375,323
36.4632427980245,323
36.4925173649116,323
36.5217920195561,323.5
36.5530282150579,324
36.5842644105596,324
36.6155007142164,324
36.6155007142164,324
36.6448979960375,324.776785031064
36.6761373285246,325.116882454069
36.7073766610118,325.038257276119
36.738615993499,325.238636073525
36.7698558669483,325.18901487094
36.8010957403977,324.989898732197
36.832335613847,324.793830920208
36.863582955658,324.347763108228
36.8948302974689,323.838834764902
36.9260804549379,323.485281374305
36.9573306124068,323.131727983709
36.9885807698757,322.778174593113
37.0198317938655,322.424621202517
37.0510828178552,322.071067811921
37.0823338418449,321.717514421325
37.113587249166,321.363961030729
37.1448406564872,321.010407640133
37.1760940638083,321
37.2073493131958,321
37.2386045625834,321
37.2698598119709,321
37.3011222162273,321
37.3323846204838,321
37.3636470247403,321
37.394912682955,321
37.4261783411698,321.171572875381
37.4574588730114,321.525126265958
37.4887394048531,321.878679656535
37.5200199366948,322.232233047113
37.5513050329028,322.58578643769
37.5825901291107,322.939339828268
37.6138752253187,323
37.6451642355492,323
37.6764532457798,323
37.6764532457798,323
37.7077552052665,323
37.7390571647531,323
37.7703592331303,323
37.8016614103991,323.5
37.8329635876679,324
37.8642657649367,324
37.8955680510985,324
37.9268704461543,324
37.9581728412102,324
37.989475236266,324
38.0207777402172,324
38.0520803530649,324
38.0833829659127,324
38.1146855787604,324
38.1459883005059,324
38.1772911311505,324
38.208593961795,324
38.2398967924395,324
38.2711997319843,324
38.3025027804305,324.5
38.3338058288766,325
38.3651088773228,325
38.3964121435756,325
38.4277157365473,325
38.459019329519,325
38.4903229224908,325
38.5216267332812,325
38.5419463699572,325.378932768698
38.5419463699572,325.839021704726
38.5419463699572,325.850889359262
38.6367687246179,325.690800423266
38.6683761761715,325.735088935792
38.6999837400772,325.893202818818
38.7315913039829,325.861850317495
38.7631989802419,325.634875264501
38.7948066565009,325.735088935792
38.7948066565009,326.051316701844
38.7948066565009,326.332455531961
38.8896745486979,326.241227765988
38.9212971794302,326
38.9212971794302,326
38.9529203728055,326
38.9845435661808,326
39.016167659852,326
39.0477922037022,326
39.0794167475523,326
39.1110412914024,326
39.142682055459,326
39.1743240596616,326
39.2059660638641,326
39.2059660638641,326
39.212232415599,326.097096621618
39.2440059703547,326.587386959456
39.2757795251103,327.077677297294
39.3075531941317,327.567967635132
39.3393268631531,328.023981987471
39.3393268631531,328.279600374177
39.3393268631531,328.623001501055
39.4346499270834,328.861481895021
39.4664242817268,329
39.4981987506452,329
39.5299732195637,329
39.5299732195637,329
39.5364758816084,329.142740848334
39.5682503505268,329.840226680785
39.6000257336927,330.537712513236
39.6318011168586,330.952198298303
39.6318011168586,331
39.6953521117643,331
39.6953521117643,331
39.6953521117643,331
39.6953521117643,331
39.8225291455406,331
39.8543234039847,331
39.8861177769346,331
39.8861177769346,331
39.8861177769346,331
39.9815074233722,331
40.0133039721847,331
40.0451076245195,331
40.0769112768542,331
40.0769112768542,331
40.1087190561621,331
40.1405269501328,331
40.1723348441035,331
40.2041427380742,331
40.235950746709,331
40.2677588700092,331
40.2995669933094,331
40.3313751166097,331
40.3631833545767,331
40.3949917072118,331
40.4268000598469,331
40.458608412482,331
40.4904169944573,331
40.4904169944573,331
40.5159754605219,331.563778860476
40.5159754605219,332.265425275909
40.5159754605219,332.981915353559
40.6114029265693,333.501153934961
40.6432120819185,333.895830043647
40.6432120819185,334
40.7068811454945,334
40.7387156772825,333.968420375144
40.7387156772825,333.666679529554
40.8023891103212,333.138947834177
40.8342258268406,333.232874095324
40.8660780803753,333.212826895019
40.8979303339099,332.996289084446
40.9297825874446,333.23726723928
40.9616408321288,333.544237546027
40.993499076813,333.851207852773
41.0253576672513,334.15817815952
41.0572162576896,334.438529009698
41.0572162576896,334.350823207758
41.1209648123521,334.263117405819
41.1528390896833,334.304736832776
41.1847165997597,334.273522262537
41.2165941098362,334
41.2305911711308,334.119061282421
41.271671935614,334.212446766777
41.3182454575558,334.058773427598
41.3648189794976,334.119064698927
41.4113968116238,334.444460385665
41.4113968116238,334.705023987731
41.4113968116238,334.555539614149
41.5511808917322,334.175911312969
41.5511808917322,333.79628301179
41.6443883322353,333.488093529968
41.6909920524869,333.433860915527
41.6909920524869,333.379628301086
41.7845478489622,333.325395686645
41.8313257471998,333.271163072204
41.8313257471998,333.216930457763
41.9248942614443,333.162697843322
41.9716785185666,332.951791502475
42.0185113539516,332.85236633947
42.0653441893366,333
42.0653441893366,332.5
42.1121794180119,332
42.1590182373617,332.5
42.2058570567115,333
42.2526958760613,333
42.2995370896869,333
42.3463802988437,333.5
42.3932235080005,334
42.4400667171573,334
42.4869115229363,334
42.5337571270921,334
42.5806027312479,334
42.6274483354037,334
42.674295137207,334
42.7211447339048,334
42.7679943306026,334
42.8148439273004,334
42.8616979170611,334
42.8616979170611,334
42.8924741593454,334.410533905983
42.9393345413858,334.828427124768
42.9861949234262,334.996320343562
43.0330553054666,334.914213562365
43.0799428860808,334.582106781178
43.126830466695,334
43.126830466695,334
43.1737553278544,334
43.2206805903991,334
43.2676058529439,334
43.3145311154886,334.5
43.3614567794297,335
43.4083828447782,335
43.4553089101267,335
43.5022349754752,335
43.5491614422422,335
43.5960883104387,335
43.6430151786352,335
43.6899420468318,335
43.7368693164689,335
43.7837969875577,335
43.8307246586465,335
43.8776523297353,335
43.9245808037606,335
43.9245808037606,335
43.9393026649163,335.209523779284
43.9862311389417,335.713203435666
44.0331684481917,335.966883092058
44.0801057574418,336
44.1270555254291,336
44.1740052934165,336
44.2209550614039,336
44.2679136775431,336
44.3148722936823,336
44.3618309098215,336
44.4087955618732,336
44.4557602139249,336
44.4604449962768,336
44.5105303183867,336
44.5606156404966,336
44.6107014578004,336
44.6607872751043,336.008098124287
44.7108735876179,336.136304862781
44.7609599001316,336.303473966829
44.811047203112,336.353225826342
44.8611345060925,336.432754544392
44.9112346908879,336.980024999026
44.9112346908879,337.502481404878
44.9112346908879,337.55223326439
44.9112346908879,337.621836362928
44.9112346908879,338.169106817562
44.9112346908879,338.705933205175
45.2118893462755,338.878706713892
45.2619984555068,339
45.3121130210824,339
45.3622275866579,339
45.4123446330229,339
45.462461679388,339
45.5039800000107,339.207106781173
45.5566819651989,339.228553390582
45.609383930387,339
45.609383930387,339
45.6621010733118,339
45.714821720792,339
45.7675423682721,339
45.8202630157522,339
45.8729988583182,339
45.9257364550715,339
45.9784740518248,339
46.0312116485781,339
46.0839644561688,339
46.1367196051432,339
46.1894747541177,339
46.2422299030921,339
46.294993835239,339
46.3477612819745,339
46.40052872871,339
46.4532961754454,339
46.506066551581,339
46.5589144539162,339
46.6117623562514,339
46.6646102585866,339
46.7174634601738,339
46.7708535691318,339.5
46.8242436780898,340
46.8776337870478,340
46.9310245044127,340
46.9844261769242,340.5
47.0378278494356,341
47.0912295219471,341
47.1446318032902,341
47.1980346934874,341
47.2514375836845,341
47.3048404738816,341.5
47.3582573738976,342
47.4116748833048,342
47.465092392712,342
47.5185099021192,342
47.5719286303761,342
47.5719286303761,342
47.6161821538356,342.500000000018
47.669633824946,342.875000000005
47.7230854960564,343
47.7230854960564,343
47.7765402207434,343
47.830018170997,343.5
47.8834961212506,344
47.9369740715042,344
47.9904526333961,344
48.0439385367064,344.5
48.0974244400167,345
48.1509103433269,345
48.2043968585687,345
48.2043968585687,345
48.2487065386051,345.500000000018
48.3022758722697,345.875000000005
48.3558452059343,346
48.3558452059343,346
48.4094157696468,346
48.4629881786015,346
48.5165605875563,346
48.5701329965111,346
48.6237103271137,346
48.6237103271137,346
48.6472355390449,346.285751861195
48.6472355390449,346.758765646721
48.7544160527707,346.984720608714
48.8080063096336,347
48.8080063096336,347
48.9151929816843,347.014920710565
48.9687863177097,347
48.9687863177097,347
49.0759951691746,347.051735328116
49.1296069921542,347.07143881944
49.1832188151339,347.396834506169
49.1832188151339,347.569957223947
49.2904486274078,347.312166655359
49.3440635335447,347.335026151355
49.3440635335447,347.362138568152
49.4513353070833,347.162697843378
49.5049711938525,347.265138955309
49.5586206704309,347.256098889422
49.6122701470092,347
49.6122701470092,347
49.6659258044424,347
49.7195888819311,347
49.7732519594198,347
49.8306503113338,347
49.8880501997639,347
49.945450088194,347
50.0028499766241,347
50.0602560124443,347
50.117806350648,347.5
50.1753566888517,348
50.2329070270554,348
50.2904581400747,348
50.3480100279434,348
50.4055619158121,348
50.4631138036807,348
50.5207215691952,348
50.578330889363,348
50.6359402095309,348
50.6359402095309,348
50.6638969395993,348.313708499071
50.7215568597121,348.774494936655
50.7792167798249,348.985281374248
50.8368766999376,349
50.8945444173756,349
50.9522121348136,349
51.0098798522516,349.207106781211
51.0675499095498,349.228553390601
51.1252199668479,349
51.1252199668479,349
51.1828900241461,349.58
51.2405788113454,349.92
51.2982675985447,350
51.355957166582,350.12
51.355957166582,350.5
51.355957166582,350.88
51.529051645092,351
51.5867498045954,351
51.6444503079415,351
51.7021508112875,351
51.7021508112875,351.5
51.7600880514584,352
51.8180252916292,352
51.8759633235262,352
51.9339029389799,352
51.9918425544337,352
52.0497821698874,352
52.1077249528731,352
52.1656716960586,352
52.2236184392442,352
52.2236184392442,352
52.2616810037552,352.410533905983
52.3196467680475,352.828427124768
52.3776125323399,352.996320343562
52.4355782966322,353
52.4935583399652,353
52.5515383832982,353
52.5515383832982,353
52.5630206946841,353
52.621047621124,353
52.6790745475639,353
52.7371022696858,353
52.7951299918078,353.023981987471
52.7951299918078,353.279600374177
52.7951299918078,353.623001501055
52.9692967712936,353.861481895021
53.0273523644556,354.003808442833
53.0854087545669,354.049981144493
53.1434651446783,354
53.1607787956865,354.181941503868
53.1607787956865,354.694663843759
53.1607787956865,355
53.3476772641152,355
53.4099767535915,355
53.4722782438685,355
53.5345797341456,355
53.5968812244226,354.692099788599
53.5968812244226,354.375872022566
53.5968812244226,354.470177871883
53.7838517627023,354.62829175489
53.8461752754623,354.863132345378
53.9085088067374,354.990765749305
53.9708423380125,355.102633403912
54.0331999349127,355.260747286919
54.0955575318129,355.567971810509
54.1579352062873,355.886174629475
54.2203128807616,356.205266807675
54.2827156815211,356.679608456716
54.3451184822805,357.007900211693
54.4075222887698,357.131583509735
54.4699260952592,357.432455531999
54.5323369433203,357.799341649005
54.5947477913815,358
54.6571727302706,358
54.7195976691597,358
54.7195976691597,358
54.7470077678085,358.119061282585
54.7470077678085,358.212446766923
54.871916087155,358.058773427727
54.9343702468283,358.082681446239
54.9343702468283,358.139914447893
55.0592886512194,358
55.1217478534149,358.148167884847
55.1842151263756,358.494644090545
55.1842151263756,358.59406147271
55.3091577455826,358.517858850782
55.3716290551861,358.448554272608
55.3716290551861,358.474792762582
55.4966262130775,358.338624718155
55.5591247920231,358.335026151355
55.5591247920231,358.362138568152
55.68457126213,358.166005101228
55.7472944971835,358.265138955309
55.8100791754253,358.256098889422
55.8728638536671,358
55.880681519045,358.029218819946
55.9434661972868,358.142777259092
56.0095402175106,358.040951082852
56.0756142377343,358
56.1417136650722,358.028018771173
56.2078130924102,358.210299258197
56.2739743540426,358.177195129834
56.340135615675,358
56.4064553412051,358.015444246605
56.4727750667351,358.263513715779
56.4727750667351,358.309369406008
56.6054365495939,358.129602710137
56.6717672910234,358.005687237898
56.6717672910234,358.077342351502
56.8045415653071,358
56.8709336137291,358
56.9373256621511,358
56.9373256621511,358
56.9695444866577,358.142135623691
57.0359389911588,358.249368670697
57.1023334956599,358.106601717713
57.168728000161,358
57.2352469186673,358
57.3017658371737,358
57.36828475568,358
57.4355880767074,358
57.5028913977347,358
57.5355524458636,357.686291500929
57.6091004377725,357.225505063345
57.6826484296814,357.014718625752
57.7561964215903,357
57.829758079755,357
57.9033197379198,357
57.9768813960845,357.292893218808
58.0505115084819,357.646446609404
58.1241416208794,358
58.1241416208794,358
58.1977940251385,358
58.2714464293977,358.5
58.3451727235067,359
58.3451727235067,359
58.4188990176157,359
58.4926270329366,359
58.5663550482575,359
58.5663550482575,359
58.713814521582,359
58.7875442582443,359.4
58.7875442582443,359.82
58.7875442582443,360
59.0087954668381,360
59.0825458697028,360
59.0825458697028,360
59.149455782149,360.538315638293
59.2233444383755,360.89457676651
59.297233094602,361.002219110198
59.3711217508286,361
59.4450381580853,361
59.5189545653421,361.195411464404
59.5189545653421,361.70142308234
59.6669438402601,361.978230381249
59.7409384777192,362
59.7409384777192,362
59.8890917379007,362
59.9631683679915,362
60.0375192573623,362.252827037205
60.0375192573623,362.710443531812
60.1862493419812,362.993660582693
60.2606143842906,363.292435127052
60.2606143842906,363.752943941538
60.4093763337835,363.996434077765
60.48375730853,364.342269917999
60.48375730853,364.794651924101
60.6325369702389,364.998415145673
60.7069268010934,365.422912388052
60.7816772852788,365.8355674795
60.8564277694642,365.999603786418
60.9311782536496,366
61.0059503405187,366
61.0807224273877,366
61.1426656523267,366
61.2284180429342,366
61.3141704335416,366
61.3141704335416,366
61.3999985516987,366
61.4858294787199,365.5
61.5716604057411,365
61.6574913327622,365
61.7433250689437,365
61.8291616145817,365
61.9149981602197,365
62.0008347058577,365.5
62.0866740612485,366
62.1725162266887,366
62.2583583921288,366
62.344200557569,366.5
62.4300764667373,367
62.5159551898126,367
62.6018339128879,367
62.6877126359633,367.5
62.7736026176385,368
62.8594954147069,368
62.9453882117753,368
62.9453882117753,368
63.0018072605384,368.178300858963
63.0877395043612,368.242640687152
63.1736717481839,368.05698051535
63.2596039920067,368.207106781211
63.3455616253047,368.228553390601
63.4315192586027,368
63.4315192586027,368
63.5175418860962,368
63.6035730027735,368
63.6896041194507,368
63.6896041194507,368
63.7107859483105,368.149287499115
63.7968453817752,368.755626561726
63.8829048152399,369.337566691304
63.8829048152399,369.742089889831
64.0550520214907,370
64.1411341300218,370
64.2272162385529,370.007241507382
64.3133040188593,370.062444283107
64.3993917991656,370
64.3993917991656,370
64.4559389234972,370.410533905983
64.5422145506105,370.828427124768
64.6284901777238,370.996320343562
64.7147658048371,371
64.8011301201489,371
64.8874944354607,371
64.9893910345275,371
65.0912876335943,371
65.1931891157417,371
65.2951003663127,371
65.3970116168838,371
65.4989228674549,371
65.6008487763206,371
65.6008487763206,371
65.6223655956809,371.053407280123
65.6223655956809,371.16665678956
65.8265702756818,371.049137068227
65.9286726156822,371
66.0308044566619,371.167949705673
66.1329362976415,371.370511832813
66.2355489154417,371.300640531792
66.3381615332419,371
66.3381615332419,371
66.4408241314849,371
66.5435217627497,371
66.6462193940145,371
66.7489170252793,371
66.8517350628706,371
66.9546034041999,371
67.0574717455292,371
67.1603400868585,371
67.2632638540017,371
67.3662583024655,371.5
67.4692527509294,372
67.5722471993932,372
67.6752467025099,372
67.778301859616,372.5
67.8813570167222,373
67.9844121738284,373.5
68.0874774602564,374
68.1905478125485,374
68.2936181648406,374
68.3966885171327,374
68.4998095722339,374
68.4998095722339,374
68.5675450754988,374.17830085887
68.6727517784133,374.242640687078
68.7779584813279,374.056980515294
68.8831651842424,374.207106781173
68.9884966121674,374.228553390582
69.0938280400924,374
69.0938280400924,373.5
69.2035819597929,373
69.3133358794934,373
69.4230960028816,373
69.5328623310876,373
69.6426286592935,373
69.7523949874995,373
69.8621675216535,373
69.9719462628864,373
70.0817250041194,373
70.1915037453523,373
70.3012886947951,373
70.4110798535793,373.5
70.5208710123635,374
70.6306621711477,374
70.740459540405,374
70.8502631212675,374
70.9600667021301,374
71.0698702829926,374
71.1796800765928,374
71.2894960840636,374
71.3993120915343,374
71.3993120915343,374
71.4946282420294,374.513377782419
71.4946282420294,374.894969154043
71.7143846591448,375
71.7143846591448,375
71.7143846591448,375
72.0443747713391,375
72.1543839725836,375
72.2643931738281,375.085005829967
72.3745589768583,375.35000529997
72.3745589768583,375.685846830591
72.5949785377014,375.952962476125
72.705188318123,376
72.8153980985446,376
72.9257023070436,376
73.0360065155425,376
73.1504363611451,376.149241679039
73.2648662067478,376.550561797756
73.3793244464622,376.887640449439
73.4937826861766,377
73.6527167480571,377
73.8116712660882,377
73.9706257841194,377
74.1295803021505,377
74.2885552848185,377
74.4475712222424,377
74.6065871596662,377
74.7656030970901,377
74.9249272827533,377
75.0843133494551,377
75.2436994161569,377
75.4030854828587,377
75.5625541782132,377
75.7220849357213,377
75.8816156932293,377
75.8816156932293,377
75.9864041492379,377.410533905983
76.1777929440955,377.828427124768
76.3691817389531,377.996320343562
76.5605705338107,378
76.7527461103768,378
76.9449216869428,378
76.9449216869428,378
77.1373239798236,378
77.3308343507614,378.5
77.5243447216991,379
77.7178550926369,379
77.9114040409159,379
78.1049915913281,379
78.2985791417402,379
78.4921666921524,379
78.6858315213139,379
78.879689983096,379
79.0735484448781,379
79.0735484448781,379
79.1205863952631,379.164213562421
79.3144448570453,379.685660171802
79.5086534353771,379.957106781192
79.702862013709,380
